{
    "10%": {
        "fpr": 0.09740932642487046,
        "thr": 0.6217106580734253,
        "tpr": 0.9565217391304348
    },
    "5%": {
        "fpr": 0.049740932642487044,
        "thr": 0.8807947635650635,
        "tpr": 0.7681159420289855
    },
    "1%": {
        "fpr": 0.00932642487046632,
        "thr": 0.983295202255249,
        "tpr": 0.06832298136645963
    },
    "0.1%": {
        "fpr": 0.0,
        "thr": 0.992935299873352,
        "tpr": 0.006211180124223602
    }
}