{
    "10%": {
        "fpr": 0.1003243507365226,
        "thr": 0.515
    },
    "5%": {
        "fpr": 0.05097739979038298,
        "thr": 0.7050000000000001
    },
    "1%": {
        "fpr": 0.011529360167591818,
        "thr": 0.895
    },
    "0%": {
        "fpr": 0.0014870847158993787,
        "thr": 0.965
    }
}