{
    "10%": {
        "fpr": 0.10010082145948924,
        "thr": 0.545
    },
    "5%": {
        "fpr": 0.050667343051272185,
        "thr": 0.755
    },
    "1%": {
        "fpr": 0.011936972378652657,
        "thr": 0.935
    },
    "0%": {
        "fpr": 0.0011889042951129375,
        "thr": 0.985
    }
}